{
  "1": {
    "0": 1.0986122886681096
  },
  "2": {
    "1": 0.4054651081081644,
    "2": 1.6218604324326575
  },
  "3": {
    "2": 8.788898309344876
  },
  "4": {
    "2": 6.591673732008657
  },
  "5": {
    "2": 2.197224577336219
  },
  "45": {
    "1": 3.2958368660043287
  },
  "90": {
    "1": 3.2958368660043287
  },
  "1863": {
    "0": 4.394449154672438
  },
  "": {
    "0": 0,
    "1": 0,
    "2": 0
  },
  "Document": {
    "0": 1.0986122886681096
  },
  "History": {
    "0": 1.0986122886681096
  },
  "Football": {
    "0": 0,
    "1": 0,
    "2": 0
  },
  "one": {
    "0": 3.2958368660043287
  },
  "popular": {
    "0": 3.2958368660043287
  },
  "sport": {
    "0": 9.887510598012986
  },
  "world": {
    "0": 3.2958368660043287
  },
  "Its": {
    "0": 4.394449154672438
  },
  "origin": {
    "0": 4.394449154672438
  },
  "dated": {
    "0": 4.394449154672438
  },
  "back": {
    "0": 4.394449154672438
  },
  "century": {
    "0": 8.788898309344876
  },
  "similar": {
    "0": 4.394449154672438
  },
  "game": {
    "0": 1.6218604324326575,
    "1": 2.4327906486489863
  },
  "played": {
    "0": 0,
    "1": 0,
    "2": 0
  },
  "different": {
    "0": 4.394449154672438
  },
  "culture": {
    "0": 4.394449154672438
  },
  "Modern": {
    "0": 4.394449154672438
  },
  "football": {
    "0": 1.6218604324326575,
    "2": 13.78581367567759
  },
  "took": {
    "0": 4.394449154672438
  },
  "shape": {
    "0": 4.394449154672438
  },
  "England": {
    "0": 4.394449154672438
  },
  "19th": {
    "0": 4.394449154672438
  },
  "first": {
    "0": 4.394449154672438
  },
  "official": {
    "0": 4.394449154672438
  },
  "rule": {
    "0": 1.6218604324326575,
    "1": 2.4327906486489863
  },
  "created": {
    "0": 4.394449154672438
  },
  "spread": {
    "0": 6.591673732008657
  },
  "globally": {
    "0": 6.591673732008657
  },
  "became": {
    "0": 6.591673732008657
  },
  "cultural": {
    "0": 6.591673732008657
  },
  "phenomenon": {
    "0": 6.591673732008657
  },
  "prestigious": {
    "0": 6.591673732008657
  },
  "competition": {
    "0": 6.591673732008657
  },
  "FIFA": {
    "0": 6.591673732008657
  },
  "World": {
    "0": 6.591673732008657
  },
  "Cup": {
    "0": 6.591673732008657
  },
  "continental": {
    "0": 6.591673732008657
  },
  "championship": {
    "0": 6.591673732008657
  },
  "document": {
    "1": 1.0986122886681096
  },
  "Rules": {
    "1": 1.0986122886681096
  },
  "Game": {
    "1": 4.394449154672438
  },
  "two": {
    "1": 14.281959752685424
  },
  "team": {
    "1": 2.027325540540822,
    "2": 1.6218604324326575
  },
  "eleven": {
    "1": 5.493061443340547
  },
  "player": {
    "1": 2.027325540540822,
    "2": 6.48744172973063
  },
  "rectangular": {
    "1": 5.493061443340547
  },
  "field": {
    "1": 5.493061443340547
  },
  "goal": {
    "1": 9.887510598012986
  },
  "objective": {
    "1": 4.394449154672438
  },
  "score": {
    "1": 4.394449154672438
  },
  "goals": {
    "1": 4.394449154672438
  },
  "opponent": {
    "1": 8.788898309344876
  },
  "sending": {
    "1": 4.394449154672438
  },
  "ball": {
    "1": 4.394449154672438
  },
  "s": {
    "1": 4.394449154672438
  },
  "generally": {
    "1": 3.2958368660043287
  },
  "lasted": {
    "1": 3.2958368660043287
  },
  "minute": {
    "1": 6.591673732008657
  },
  "divided": {
    "1": 3.2958368660043287
  },
  "halves": {
    "1": 3.2958368660043287
  },
  "known": {
    "1": 3.2958368660043287
  },
  "law": {
    "1": 3.2958368660043287
  },
  "regulated": {
    "1": 3.2958368660043287
  },
  "International": {
    "1": 3.2958368660043287
  },
  "Association": {
    "1": 3.2958368660043287
  },
  "Board": {
    "1": 3.2958368660043287
  },
  "IFAB": {
    "1": 3.2958368660043287
  },
  "Among": {
    "1": 3.2958368660043287
  },
  "fouled": {
    "1": 3.2958368660043287
  },
  "offside": {
    "1": 3.2958368660043287
  },
  "penalty": {
    "1": 3.2958368660043287
  },
  "conditions": {
    "1": 3.2958368660043287
  },
  "essential": {
    "1": 3.2958368660043287
  },
  "progress": {
    "1": 3.2958368660043287
  },
  "match": {
    "1": 3.2958368660043287
  },
  "handout": {
    "2": 13.183347464017315
  },
  "Role": {
    "2": 2.197224577336219
  },
  "Tactics": {
    "2": 2.197224577336219
  },
  "tactic": {
    "2": 10.986122886681095
  },
  "crucial": {
    "2": 10.986122886681095
  },
  "role": {
    "2": 10.986122886681095
  },
  "dictating": {
    "2": 4.394449154672438
  },
  "organized": {
    "2": 4.394449154672438
  },
  "pitch": {
    "2": 10.986122886681095
  },
  "Coaches": {
    "2": 3.2958368660043287
  },
  "develop": {
    "2": 3.2958368660043287
  },
  "formation": {
    "2": 5.493061443340547
  },
  "strategies": {
    "2": 3.2958368660043287
  },
  "exploit": {
    "2": 3.2958368660043287
  },
  "opponents": {
    "2": 3.2958368660043287
  },
  "weakness": {
    "2": 3.2958368660043287
  },
  "capitalized": {
    "2": 3.2958368660043287
  },
  "own": {
    "2": 5.493061443340547
  },
  "teams": {
    "2": 3.2958368660043287
  },
  "strength": {
    "2": 3.2958368660043287
  },
  "Common": {
    "2": 2.197224577336219
  },
  "included": {
    "2": 2.197224577336219
  },
  "advantage": {
    "2": 2.197224577336219
  },
  "disadvantages": {
    "2": 2.197224577336219
  },
  "Good": {
    "2": 6.591673732008657
  },
  "made": {
    "2": 6.591673732008657
  },
  "difference": {
    "2": 6.591673732008657
  },
  "victory": {
    "2": 6.591673732008657
  },
  "defeat": {
    "2": 6.591673732008657
  },
  "making": {
    "2": 6.591673732008657
  },
  "coach": {
    "2": 6.591673732008657
  },
  "just": {
    "2": 6.591673732008657
  },
  "served": {
    "2": 10.986122886681095
  },
  "introductory": {
    "2": 10.986122886681095
  },
  "example": {
    "2": 10.986122886681095
  },
  "expand": {
    "2": 10.986122886681095
  },
  "added": {
    "2": 10.986122886681095
  },
  "cover": {
    "2": 10.986122886681095
  },
  "various": {
    "2": 10.986122886681095
  },
  "aspect": {
    "2": 10.986122886681095
  },
  "iconic": {
    "2": 10.986122886681095
  },
  "top": {
    "2": 10.986122886681095
  },
  "club": {
    "2": 10.986122886681095
  },
  "economics": {
    "2": 10.986122886681095
  },
  "impact": {
    "2": 10.986122886681095
  },
  "society": {
    "2": 10.986122886681095
  }
}